date,AO,NAO,PDO
1950-01-01,-0.060,0.56,-2.13
1951-01-01,-0.085,-0.42,-1.54
1952-01-01,0.368,0.57,-2.01
1953-01-01,-1.036,-0.12,-0.57
1954-01-01,-0.148,-0.08,-1.32
1955-01-01,-1.163,-2.65,0.20
1956-01-01,-1.204,-0.76,-2.48
1957-01-01,2.062,0.71,-1.82
1958-01-01,-1.438,-1.14,0.25
1959-01-01,-2.013,-1.52,0.69
1960-01-01,-2.484,-2.01,0.30
1961-01-01,-1.506,-0.03,1.18
1962-01-01,1.644,0.20,-1.29
1963-01-01,-3.311,-2.98,-0.33
1964-01-01,0.385,-1.62,0.01
1965-01-01,-1.046,-0.65,-1.24
1966-01-01,-3.232,-2.54,-0.82
1967-01-01,-0.576,-1.55,-0.20
1968-01-01,-0.409,-0.36,-0.95
1969-01-01,-2.968,-1.48,-1.26
1970-01-01,-2.412,-2.26,0.61
1971-01-01,-0.163,-1.82,-1.90
1972-01-01,0.167,-0.19,-1.99
1973-01-01,1.232,-0.46,-0.46
1974-01-01,0.232,1.05,-1.22
1975-01-01,1.595,0.17,-0.84
1976-01-01,0.034,-0.80,-1.14
1977-01-01,-3.767,-1.72,1.65
1978-01-01,-0.347,0.26,0.34
1979-01-01,-2.233,-2.12,-0.58
1980-01-01,-2.066,-1.38,-0.11
1981-01-01,-0.116,-0.08,0.59
1982-01-01,-0.883,-1.55,0.34
1983-01-01,1.359,1.34,0.56
1984-01-01,0.905,1.42,1.50
1985-01-01,-2.806,-2.38,1.27
1986-01-01,-0.568,0.78,1.12
1987-01-01,-1.148,-1.85,1.88
1988-01-01,0.265,0.68,0.93
1989-01-01,3.106,0.85,-0.95
1990-01-01,1.001,0.70,-0.30
1991-01-01,0.723,0.49,-2.02
1992-01-01,0.550,-0.66,0.05
1993-01-01,3.495,1.35,0.05
1994-01-01,-0.288,0.70,1.21
1995-01-01,-0.154,0.57,-0.49
1996-01-01,-1.200,-0.65,0.59
1997-01-01,-0.457,-1.08,0.23
1998-01-01,-2.081,-0.05,0.83
1999-01-01,0.110,0.39,-0.32
2000-01-01,1.270,0.19,-2.00
2001-01-01,-0.959,-0.22,.60
2002-01-01,1.381,0.00,0.27
2003-01-01,-0.472,-0.32,2.09
2004-01-01,-1.686,-0.85,0.43
2005-01-01,0.356,1.26,0.44
2006-01-01,-0.171,0.97,1.03
2007-01-01,2.034,-0.25,0.01
2008-01-01,0.819,0.53,-1.00
2009-01-01,0.800,-0.52,-1.40
2010-01-01,-2.587,-1.80,0.83
2011-01-01,-1.683,-1.53,-0.92
2012-01-01,-0.220,0.86,-1.38
2013-01-01,-0.610,-0.11,-0.13
2014-01-01,-0.969,-0.17,0.30
2015-01-01,1.092,1.57,2.45
2016-01-01,-1.449,-0.37,1.53
2017-01-01,0.942,0.05,0.77
2018-01-01,-0.281,1.17,0.70
2019-01-01,-0.713,0.18,0.66
2020-01-01,2.419,1.05,-0.23
2021-01-01,-2.484,-1.80,-0.16
2022-01-01,0.848,0.74,-1.24
2023-01-01,-0.674,0.95,
2024-01-01,-0.210,-0.27,
2025-01-01,-0.069,-1.12,
1950-02-01,0.627,0.01,-2.91
1951-02-01,-0.400,0.35,-1.06
1952-02-01,-1.747,-1.38,-0.46
1953-02-01,-0.249,-1.00,-0.07
1954-02-01,-0.181,0.40,-1.61
1955-02-01,-1.542,-1.71,-1.52
1956-02-01,-2.029,-1.71,-2.74
1957-02-01,-1.513,-0.32,-0.68
1958-02-01,-2.228,-1.64,0.62
1959-02-01,2.545,0.33,-0.43
1960-02-01,-2.212,-2.59,0.52
1961-02-01,0.621,0.07,0.43
1962-02-01,-0.358,0.18,-1.15
1963-02-01,-1.721,-1.53,-0.16
1964-02-01,-0.575,-2.06,-0.21
1965-02-01,-2.084,-2.20,-1.16
1966-02-01,-1.438,-2.02,-0.03
1967-02-01,1.180,-0.23,-0.18
1968-02-01,-2.154,-1.91,-0.40
1969-02-01,-3.114,-2.20,-0.95
1970-02-01,-1.325,0.28,0.43
1971-02-01,-0.922,-0.17,-1.74
1972-02-01,-0.195,-0.08,-1.83
1973-02-01,0.786,0.52,-0.61
1974-02-01,-0.489,-0.60,-1.65
1975-02-01,0.195,-1.15,-0.71
1976-02-01,1.656,0.61,-1.85
1977-02-01,-2.010,-1.00,1.11
1978-02-01,-3.014,-2.94,1.45
1979-02-01,-0.697,-1.20,-1.33
1980-02-01,-0.934,-0.39,1.32
1981-02-01,-0.332,0.60,1.46
1982-02-01,0.974,0.86,0.20
1983-02-01,-1.806,-1.04,1.14
1984-02-01,-0.303,0.37,1.21
1985-02-01,-1.440,-1.00,0.94
1986-02-01,-2.904,-1.58,1.61
1987-02-01,-1.473,-1.27,1.75
1988-02-01,-1.066,0.42,1.24
1989-02-01,3.279,1.82,-1.02
1990-02-01,3.402,1.16,-0.65
1991-02-01,-0.876,0.74,-1.19
1992-02-01,1.122,0.77,0.31
1993-02-01,0.184,0.12,0.19
1994-02-01,-0.862,0.08,0.59
1995-02-01,1.429,0.85,0.46
1996-02-01,0.163,-0.52,0.75
1997-02-01,1.889,1.48,0.28
1998-02-01,-0.183,-0.57,1.56
1999-02-01,0.482,-0.11,-0.66
2000-02-01,1.076,1.48,-0.83
2001-02-01,-0.622,0.07,.29
2002-02-01,1.304,0.80,-0.64
2003-02-01,0.128,0.26,1.75
2004-02-01,-1.528,-0.60,0.48
2005-02-01,-1.271,-0.51,0.81
2006-02-01,-0.156,-1.02,0.66
2007-02-01,-1.307,-0.98,0.04
2008-02-01,0.938,0.38,-0.77
2009-02-01,-0.672,-0.38,-1.55
2010-02-01,-4.266,-2.69,0.82
2011-02-01,1.575,0.35,-0.83
2012-02-01,-0.036,0.03,-0.85
2013-02-01,-1.007,-0.96,-0.43
2014-02-01,0.044,1.07,0.38
2015-02-01,1.043,1.05,2.30
2016-02-01,-0.024,1.35,1.75
2017-02-01,0.340,0.69,0.70
2018-02-01,0.113,1.34,0.37
2019-02-01,1.149,-0.11,0.46
2020-02-01,3.417,0.98,-0.68
2021-02-01,-1.191,-0.29,-0.54
2022-02-01,1.544,1.46,-1.08
2023-02-01,1.600,0.60,
2024-02-01,0.635,0.79,
2025-02-01,-0.865,1.36,
1950-03-01,-0.008,-0.78,-1.13
1951-03-01,-1.934,-1.47,-1.90
1952-03-01,-1.860,-1.97,-0.63
1953-03-01,1.068,-0.45,-1.12
1954-03-01,0.476,-1.27,-0.52
1955-03-01,-1.568,-0.96,-1.26
1956-03-01,0.470,-0.46,-2.56
1957-03-01,-2.013,-1.73,0.03
1958-03-01,-2.522,-2.46,0.25
1959-03-01,1.432,-0.56,-0.95
1960-03-01,-1.625,-0.93,-0.21
1961-03-01,0.341,0.17,0.09
1962-03-01,-2.848,-2.99,-1.42
1963-03-01,0.724,-0.85,-0.54
1964-03-01,-0.558,-1.66,-0.87
1965-03-01,-0.905,-1.99,0.04
1966-03-01,-0.911,0.18,-1.29
1967-03-01,1.967,1.18,-1.20
1968-03-01,1.741,0.02,-0.31
1969-03-01,-1.582,-2.04,-0.50
1970-03-01,-2.084,-1.41,1.33
1971-03-01,-1.091,-1.28,-1.68
1972-03-01,-0.141,0.35,-2.09
1973-03-01,0.537,-0.09,-0.50
1974-03-01,-0.746,-0.43,-0.90
1975-03-01,0.151,-1.04,-0.51
1976-03-01,0.587,0.38,-0.96
1977-03-01,0.344,-1.25,0.72
1978-03-01,0.502,0.33,1.34
1979-03-01,-0.814,0.41,0.30
1980-03-01,-1.433,-0.73,1.09
1981-03-01,-1.645,-1.65,0.99
1982-03-01,1.074,0.80,0.19
1983-03-01,-0.567,0.59,2.11
1984-03-01,-2.386,-0.79,1.77
1985-03-01,0.551,-0.19,0.57
1986-03-01,1.931,1.39,2.18
1987-03-01,-1.747,-0.26,2.10
1988-03-01,-0.197,-0.58,1.42
1989-03-01,1.530,1.54,-0.83
1990-03-01,2.990,1.13,-0.62
1991-03-01,-0.527,-0.61,-0.74
1992-03-01,0.984,0.51,0.67
1993-03-01,0.764,0.30,0.76
1994-03-01,1.881,0.92,0.80
1995-03-01,0.393,0.91,0.75
1996-03-01,-1.483,-0.66,1.01
1997-03-01,1.091,1.13,0.65
1998-03-01,-0.254,0.51,2.01
1999-03-01,-1.492,-0.16,-0.33
2000-03-01,-0.451,0.40,0.29
2001-03-01,-1.687,-1.73,0.45
2002-03-01,0.902,0.32,-0.43
2003-03-01,0.933,-0.07,1.51
2004-03-01,0.318,0.67,0.61
2005-03-01,-1.348,-2.32,1.36
2006-03-01,-1.604,-1.75,0.05
2007-03-01,1.182,1.11,-0.36
2008-03-01,0.586,-0.32,-0.71
2009-03-01,0.121,0.19,-1.59
2010-03-01,-0.432,-1.33,0.44
2011-03-01,1.424,0.24,-0.69
2012-03-01,1.037,0.93,-1.05
2013-03-01,-3.185,-2.09,-0.63
2014-03-01,1.206,0.44,0.97
2015-03-01,1.837,1.12,2.00
2016-03-01,0.280,0.37,2.40
2017-03-01,1.365,0.37,0.74
2018-03-01,-0.941,-1.38,-0.05
2019-03-01,2.116,0.89,0.37
2020-03-01,2.641,0.66,-0.82
2021-03-01,2.109,0.36,-1.17
2022-03-01,0.305,0.40,-1.00
2023-03-01,0.280,-1.57,
2024-03-01,-0.610,-0.63,
2025-03-01,0.556,-0.09,
1950-04-01,0.555,0.65,-1.20
1951-04-01,-0.776,-0.38,-0.36
1952-04-01,0.538,0.95,-1.05
1953-04-01,-1.256,-1.96,0.05
1954-04-01,0.512,1.31,-1.33
1955-04-01,0.194,-0.6,-1.97
1956-04-01,-0.868,-1.3,-2.17
1957-04-01,0.238,0.39,-0.58
1958-04-01,-0.36,0.26,1.06
1959-04-01,0.119,0.25,-0.02
1960-04-01,-0.297,1.33,0.09
1961-04-01,-0.237,-1.83,0.34
1962-04-01,1.169,0.93,-0.80
1963-04-01,-0.348,-1.61,-0.41
1964-04-01,0.663,0.25,-1.03
1965-04-01,0.568,0.64,0.62
1966-04-01,-1.837,-0.96,0.06
1967-04-01,1.7,0.05,-0.89
1968-04-01,0.328,-1.32,-1.03
1969-04-01,0.439,1.52,-0.44
1970-04-01,0.302,-1.56,0.43
1971-04-01,-0.583,-0.41,-1.59
1972-04-01,1.007,-0.38,-1.65
1973-04-01,-1.126,-0.73,-0.69
1974-04-01,0.309,0.41,-0.52
1975-04-01,0.409,-1.89,-1.30
1976-04-01,0.44,0.14,-0.89
1977-04-01,1.329,0.56,0.30
1978-04-01,-0.967,-1.42,1.29
1979-04-01,-1.157,-2.01,0.89
1980-04-01,-0.419,1.26,1.49
1981-04-01,0.43,0.25,1.45
1982-04-01,1.454,-0.04,-0.19
1983-04-01,-0.738,-1.07,1.87
1984-04-01,-0.284,-0.45,1.52
1985-04-01,0.652,0.2,0.19
1986-04-01,0.103,-0.79,1.55
1987-04-01,0.387,2.03,2.16
1988-04-01,-0.561,-1.42,0.94
1989-04-01,-0.25,0.16,-0.32
1990-04-01,1.879,2.03,0.27
1991-04-01,0.53,0.17,-1.01
1992-04-01,-0.52,1.88,0.75
1993-04-01,-0.435,0.91,1.21
1994-04-01,0.225,1.1,1.05
1995-04-01,-0.963,-1.07,0.83
1996-04-01,-1.525,-0.33,1.46
1997-04-01,0.324,-1.25,1.05
1998-04-01,-0.038,-0.88,1.27
1999-04-01,0.284,-1.18,-0.41
2000-04-01,-0.279,-0.18,0.35
2001-04-01,0.906,-0.15,-0.31
2002-04-01,0.748,1.14,-0.32
2003-04-01,-0.178,-0.34,1.18
2004-04-01,-0.409,1.11,0.57
2005-04-01,-0.046,-0.47,1.03
2006-04-01,0.138,1.2,0.40
2007-04-01,0.544,0.04,0.16
2008-04-01,-0.455,-1.31,-1.52
2009-04-01,0.973,-0.36,-1.65
2010-04-01,-0.275,-0.93,0.78
2011-04-01,2.275,2.55,-0.42
2012-04-01,-0.035,0.37,-0.27
2013-04-01,0.322,0.6,-0.16
2014-04-01,0.972,0.19,1.13
2015-04-01,1.216,0.64,1.44
2016-04-01,-1.051,0.26,2.62
2017-04-01,-0.089,1.74,1.12
2018-04-01,0.544,1.2,0.11
2019-04-01,-0.255,0.36,1.07
2020-04-01,0.928,-1.26,-0.57
2021-04-01,-0.204,-1.69,-0.91
2022-04-01,-0.603,-0.54,-1.51
2023-04-01,-0.973,-0.83,
2024-04-01,0.465,-0.99,
2025-04-01,-999.0,-99.9,
1950-05-01,0.072,-0.5,-2.23
1951-05-01,-0.863,-0.5,-0.25
1952-05-01,-0.773,-0.99,-1.00
1953-05-01,-0.562,-0.56,0.43
1954-05-01,-1.656,-0.03,0.01
1955-05-01,0.242,-0.26,-1.21
1956-05-01,1.391,2.1,-1.41
1957-05-01,-0.966,-0.68,0.57
1958-05-01,-0.336,-0.17,1.28
1959-05-01,-0.341,0.41,0.23
1960-05-01,-0.857,0.47,0.91
1961-05-01,0.158,-0.28,-0.06
1962-05-01,0.068,-0.04,-1.22
1963-05-01,0.771,2.05,-0.65
1964-05-01,1.174,0.53,-1.91
1965-05-01,-0.152,-0.52,-0.66
1966-05-01,1.124,0.25,-0.53
1967-05-01,0.127,-0.87,-1.24
1968-05-01,-0.241,-1.58,-0.53
1969-05-01,-0.72,0.56,-0.20
1970-05-01,0.531,1.11,-0.49
1971-05-01,0.679,0.51,-1.55
1972-05-01,0.14,0.93,-1.57
1973-05-01,0.073,-0.36,-0.76
1974-05-01,-0.507,-0.17,-0.28
1975-05-01,-0.614,-0.43,-1.02
1976-05-01,0.06,0.94,-0.68
1977-05-01,0.104,-0.75,0.31
1978-05-01,0.059,1.05,0.90
1979-05-01,-0.25,-0.9,1.09
1980-05-01,-1.155,-1.34,1.20
1981-05-01,0.18,0.24,1.75
1982-05-01,-0.209,-0.44,-0.58
1983-05-01,-0.441,-0.01,1.80
1984-05-01,0.479,0.55,1.30
1985-05-01,-0.432,-0.4,0.00
1986-05-01,0.367,0.84,1.16
1987-05-01,0.325,0.96,1.85
1988-05-01,-0.846,0.64,1.20
1989-05-01,0.889,1.33,0.47
1990-05-01,0.943,-1.37,0.44
1991-05-01,0.486,0.12,-0.51
1992-05-01,1.341,2.49,1.54
1993-05-01,-1.607,-0.67,2.13
1994-05-01,-0.115,-0.48,1.23
1995-05-01,-0.891,-1.33,1.46
1996-05-01,-0.226,-0.93,2.18
1997-05-01,-0.961,-0.21,1.83
1998-05-01,0.429,-1.17,0.70
1999-05-01,0.226,0.9,-0.68
2000-05-01,0.969,1.52,-0.05
2001-05-01,0.452,0.03,-0.30
2002-05-01,0.401,-0.15,-0.63
2003-05-01,1.017,0.06,0.89
2004-05-01,-0.094,0.23,0.88
2005-05-01,-0.763,-1.11,1.86
2006-05-01,0.156,-1.01,0.48
2007-05-01,0.894,0.66,-0.10
2008-05-01,-1.205,-1.55,-1.37
2009-05-01,1.194,1.61,-0.88
2010-05-01,-0.919,-1.33,0.62
2011-05-01,-0.035,-0.01,-0.37
2012-05-01,0.168,-0.79,-1.26
2013-05-01,0.494,0.58,0.08
2014-05-01,0.464,-0.8,1.80
2015-05-01,0.763,0.19,1.20
2016-05-01,-0.036,-0.67,2.35
2017-05-01,-0.73,-1.72,0.88
2018-05-01,1.18,2.02,0.11
2019-05-01,-1.231,-2.38,1.03
2020-05-01,-0.027,-0.33,0.09
2021-05-01,-0.161,-1.1,-0.94
2022-05-01,1.224,0.71,-1.92
2023-05-01,1.134,0.41,
2024-05-01,-0.048,-0.36,
2025-05-01,-999.0,-99.9,
1950-06-01,0.539,0.25,-1.77
1951-06-01,-0.918,-1.35,-1.09
1952-06-01,-0.441,-0.1,-1.43
1953-06-01,0.022,1.41,0.29
1954-06-01,-0.268,0.06,0.97
1955-06-01,-0.266,-0.8,-2.44
1956-06-01,0.28,0.41,-1.70
1957-06-01,-0.76,-0.42,1.76
1958-06-01,-1.149,-1.08,1.33
1959-06-01,-0.033,0.71,0.44
1960-06-01,0.055,0.1,0.64
1961-06-01,0.837,1.17,-0.61
1962-06-01,0.287,0.47,-1.62
1963-06-01,-0.585,-0.13,-0.88
1964-06-01,0.142,1.61,-0.32
1965-06-01,0.038,0.6,-0.80
1966-06-01,0.408,1.37,0.16
1967-06-01,0.647,1.72,-1.16
1968-06-01,0.42,0.64,-0.35
1969-06-01,-0.348,0.86,0.89
1970-06-01,0.875,1.87,0.06
1971-06-01,-0.668,-1.28,-1.55
1972-06-01,-0.049,1.19,-1.87
1973-06-01,0.531,0.7,-0.97
1974-06-01,-0.048,0.17,-0.31
1975-06-01,-0.323,-0.54,-1.16
1976-06-01,0.328,1.11,-0.67
1977-06-01,-0.226,-0.27,0.42
1978-06-01,0.635,1.7,0.15
1979-06-01,0.933,1.92,0.17
1980-06-01,0.722,-0.07,-0.22
1981-06-01,-0.438,-0.15,1.69
1982-06-01,-1.18,-1.34,-0.78
1983-06-01,0.312,1.31,2.36
1984-06-01,0.007,-0.12,0.18
1985-06-01,-0.347,-0.5,0.18
1986-06-01,0.535,1.54,0.89
1987-06-01,-0.71,-1.53,0.73
1988-06-01,0.06,1.19,0.74
1989-06-01,0.345,0.03,0.36
1990-06-01,0.304,0.29,0.44
1991-06-01,-0.115,-0.52,-1.47
1992-06-01,-0.302,0.51,1.26
1993-06-01,-0.519,-0.29,2.34
1994-06-01,1.606,1.84,0.46
1995-06-01,-0.112,0.44,1.27
1996-06-01,0.497,0.87,1.10
1997-06-01,-0.815,-1.17,2.76
1998-06-01,-0.711,-2.44,0.40
1999-06-01,0.707,1.44,-1.30
2000-06-01,0.586,0.28,-0.44
2001-06-01,-0.015,0.11,-0.47
2002-06-01,0.573,0.69,-0.35
2003-06-01,-0.102,0.24,0.68
2004-06-01,-0.236,-0.59,0.04
2005-06-01,-0.383,0.26,1.17
2006-06-01,1.071,1.15,1.04
2007-06-01,-0.555,-1.01,0.09
2008-06-01,-0.09,-1.09,-1.34
2009-06-01,-1.351,-0.91,-0.31
2010-06-01,-0.013,-0.52,-0.22
2011-06-01,-0.858,-0.98,-0.69
2012-06-01,-0.672,-2.25,-0.87
2013-06-01,0.549,0.83,-0.78
2014-06-01,-0.507,-0.67,0.82
2015-06-01,0.427,0.24,1.54
2016-06-01,0.313,-0.13,2.03
2017-06-01,0.402,0.35,0.79
2018-06-01,0.38,1.41,-0.04
2019-06-01,-0.601,-0.79,1.09
2020-06-01,-0.122,0.16,-0.08
2021-06-01,0.845,1.08,-1.18
2022-06-01,-0.074,0.19,-1.21
2023-06-01,-0.286,-0.28,
2024-06-01,0.136,0.22,
2025-06-01,-999.0,-99.9,
1950-07-01,-0.802,-1.23,-2.93
1951-07-01,0.09,1.39,0.70
1952-07-01,0.383,-0.06,-1.25
1953-07-01,0.333,0.43,0.74
1954-07-01,0.341,-0.57,0.43
1955-07-01,0.332,1.78,-2.35
1956-07-01,-0.215,-0.72,-1.03
1957-07-01,-0.646,-1.16,0.72
1958-07-01,-0.684,-1.69,0.89
1959-07-01,0.105,0.77,-0.50
1960-07-01,-0.619,0.38,-0.27
1961-07-01,-0.108,-0.36,-1.22
1962-07-01,-0.926,-2.43,-1.46
1963-07-01,-0.303,-0.74,-1.00
1964-07-01,0.734,1.92,-0.51
1965-07-01,-0.51,0.35,-0.47
1966-07-01,0.011,0.35,0.26
1967-07-01,0.259,0.44,-0.89
1968-07-01,-0.836,-0.77,0.53
1969-07-01,0.409,0.6,0.10
1970-07-01,0.139,0.13,-0.68
1971-07-01,-0.579,0.27,-2.20
1972-07-01,-0.553,0.21,-0.83
1973-07-01,0.271,0.6,-0.57
1974-07-01,0.39,-0.73,-0.08
1975-07-01,0.345,1.57,-0.40
1976-07-01,-0.325,-0.29,0.61
1977-07-01,-0.492,-0.42,0.19
1978-07-01,-0.604,-1.11,-1.24
1979-07-01,0.038,0.86,0.84
1980-07-01,-0.622,-0.39,0.23
1981-07-01,0.56,0.08,0.84
1982-07-01,0.005,1.18,0.58
1983-07-01,0.131,1.22,3.51
1984-07-01,0.019,-0.04,-0.18
1985-07-01,-0.39,1.25,1.07
1986-07-01,-0.008,0.15,1.38
1987-07-01,-0.466,0.55,2.01
1988-07-01,-0.143,-0.32,0.64
1989-07-01,0.866,1.0,0.83
1990-07-01,-0.296,0.56,0.27
1991-07-01,-0.188,-0.46,-0.10
1992-07-01,0.191,0.19,1.90
1993-07-01,-0.511,-3.14,2.35
1994-07-01,0.351,1.34,0.06
1995-07-01,-0.217,-0.19,1.71
1996-07-01,0.715,0.7,0.77
1997-07-01,-0.431,0.37,2.35
1998-07-01,-0.212,-0.45,-0.04
1999-07-01,-0.002,-0.87,-0.66
2000-07-01,-0.649,-1.0,-0.66
2001-07-01,-0.031,-0.22,-1.31
2002-07-01,0.328,0.65,-0.31
2003-07-01,0.075,0.16,0.96
2004-07-01,-0.201,1.16,0.44
2005-07-01,-0.03,-0.48,0.66
2006-07-01,0.103,0.93,0.35
2007-07-01,-0.397,-0.55,0.78
2008-07-01,-0.48,-1.24,-1.67
2009-07-01,-1.356,-2.11,-0.53
2010-07-01,0.435,-0.39,-1.05
2011-07-01,-0.472,-1.48,-1.86
2012-07-01,0.168,-1.29,-1.52
2013-07-01,-0.011,0.7,-1.25
2014-07-01,-0.489,0.21,0.70
2015-07-01,-1.108,-3.14,1.84
2016-07-01,0.085,-1.72,1.25
2017-07-01,0.634,1.28,0.10
2018-07-01,0.612,1.42,0.11
2019-07-01,-0.89,-1.39,1.03
2020-07-01,-0.412,-1.19,-0.38
2021-07-01,0.63,0.06,-1.87
2022-07-01,0.025,-0.06,-9.90
2023-07-01,-0.154,-2.14,
2024-07-01,0.587,1.48,
2025-07-01,-999.0,-99.9,
1950-08-01,-0.851,-0.19,-0.70
1951-08-01,-0.377,-0.41,-1.37
1952-08-01,-0.03,-0.49,-0.60
1953-08-01,0.085,-1.04,0.05
1954-08-01,-0.122,-2.57,0.08
1955-08-01,0.76,1.25,-2.25
1956-08-01,-0.652,-1.89,-1.16
1957-08-01,0.097,-0.83,0.51
1958-08-01,-0.755,-2.13,1.06
1959-08-01,-0.745,-0.05,-0.62
1960-08-01,-1.008,-1.93,-0.38
1961-08-01,0.013,1.03,-1.13
1962-08-01,0.152,0.05,-0.48
1963-08-01,-0.625,-0.95,-1.03
1964-08-01,-1.207,-2.4,-1.03
1965-08-01,-0.255,0.45,0.20
1966-08-01,-0.945,-2.39,-0.35
1967-08-01,-0.293,1.73,-1.24
1968-08-01,-0.671,-0.97,0.19
1969-08-01,-0.782,-1.99,-0.81
1970-08-01,-0.263,0.0,-1.63
1971-08-01,0.818,1.87,-0.15
1972-08-01,-0.082,1.57,0.25
1973-08-01,0.312,-0.2,-1.14
1974-08-01,-0.533,-0.95,0.27
1975-08-01,0.13,-0.46,-1.07
1976-08-01,0.559,2.34,1.28
1977-08-01,-1.412,-0.49,0.64
1978-08-01,-0.354,0.7,-0.56
1979-08-01,-0.684,1.11,0.52
1980-08-01,-0.185,-3.01,0.51
1981-08-01,-0.244,0.38,0.18
1982-08-01,0.362,0.21,0.39
1983-08-01,1.098,1.95,1.85
1984-08-01,0.466,1.35,-0.03
1985-08-01,-0.001,-0.74,0.81
1986-08-01,-0.826,-1.53,0.22
1987-08-01,-0.836,-1.19,2.83
1988-08-01,0.255,-0.07,0.19
1989-08-01,0.551,-0.11,0.09
1990-08-01,-0.18,1.12,0.11
1991-08-01,0.797,1.46,0.36
1992-08-01,0.535,0.97,1.44
1993-08-01,-0.393,0.03,2.69
1994-08-01,0.828,0.36,-0.79
1995-08-01,0.544,0.76,0.21
1996-08-01,0.125,1.19,-0.14
1997-08-01,0.121,0.94,2.79
1998-08-01,0.65,-0.15,-0.22
1999-08-01,-0.672,0.38,-0.96
2000-08-01,0.144,-0.5,-1.19
2001-08-01,0.52,-0.22,-0.77
2002-08-01,-0.229,0.36,0.60
2003-08-01,-0.28,-0.22,0.88
2004-08-01,-0.72,-0.74,0.85
2005-08-01,0.026,0.35,0.25
2006-08-01,-0.265,-2.35,-0.65
2007-08-01,-0.034,-0.31,0.50
2008-08-01,-0.081,-1.62,-1.70
2009-08-01,-0.054,-0.37,0.09
2010-08-01,-0.117,-1.69,-1.27
2011-08-01,-1.063,-1.85,-1.74
2012-08-01,0.014,-1.39,-1.93
2013-08-01,0.154,1.12,-1.04
2014-08-01,-0.371,-2.28,0.67
2015-08-01,-0.689,-1.1,1.56
2016-08-01,0.472,-2.24,0.52
2017-08-01,0.15,-1.53,0.09
2018-08-01,0.836,2.4,0.18
2019-08-01,-0.722,-1.62,0.38
2020-08-01,-0.381,0.03,-0.28
2021-08-01,-0.209,-0.49,-1.12
2022-08-01,-0.17,1.76,-9.90
2023-08-01,-0.602,-1.62,
2024-08-01,1.284,0.69,
2025-08-01,-999.0,-99.9,
1950-09-01,0.358,0.39,-2.14
1951-09-01,-0.818,-1.18,-0.08
1952-09-01,-0.383,-0.38,-0.89
1953-09-01,0.662,-0.19,-0.63
1954-09-01,0.301,-0.28,-0.94
1955-09-01,0.357,0.46,-1.95
1956-09-01,-0.202,0.38,-0.71
1957-09-01,-0.956,-1.47,1.59
1958-09-01,-0.012,0.08,0.29
1959-09-01,-0.281,1.0,-0.85
1960-09-01,-0.382,0.53,-0.94
1961-09-01,0.815,1.36,-2.01
1962-09-01,-0.056,-0.21,-1.58
1963-09-01,0.083,1.89,0.45
1964-09-01,-0.227,0.34,-0.68
1965-09-01,-0.698,0.51,0.59
1966-09-01,0.011,-0.29,-0.33
1967-09-01,0.133,1.05,-0.72
1968-09-01,-1.009,-1.73,0.06
1969-09-01,-0.083,2.17,-0.66
1970-09-01,0.03,0.06,-1.67
1971-09-01,0.153,0.53,0.21
1972-09-01,-0.92,0.03,0.17
1973-09-01,0.114,-0.15,-0.51
1974-09-01,-0.136,0.95,0.44
1975-09-01,1.278,1.67,-1.23
1976-09-01,-0.743,-1.11,0.82
1977-09-01,0.587,0.51,-0.55
1978-09-01,-0.099,0.6,-0.44
1979-09-01,-0.046,1.13,1.00
1980-09-01,0.313,0.79,0.10
1981-09-01,-1.04,-1.27,0.42
1982-09-01,0.558,1.86,0.84
1983-09-01,0.167,-0.95,0.91
1984-09-01,-0.413,0.31,0.67
1985-09-01,0.114,-0.36,0.44
1986-09-01,-0.023,-0.95,0.22
1987-09-01,0.286,-1.04,2.44
1988-09-01,1.039,-0.82,-0.37
1989-09-01,0.703,2.15,0.05
1990-09-01,-0.21,1.18,0.38
1991-09-01,-0.112,0.61,0.65
1992-09-01,-0.64,-0.28,0.83
1993-09-01,-0.361,-0.41,1.56
1994-09-01,-0.084,-1.14,-1.36
1995-09-01,-0.549,0.45,1.16
1996-09-01,-1.14,-0.69,0.24
1997-09-01,0.195,0.74,2.19
1998-09-01,-1.05,-1.8,-1.21
1999-09-01,0.059,0.5,-1.53
2000-09-01,0.395,-0.06,-1.24
2001-09-01,-0.707,-0.49,-1.37
2002-09-01,-0.043,-0.54,0.43
2003-09-01,0.467,0.16,0.01
2004-09-01,0.855,0.52,0.75
2005-09-01,0.802,0.76,-0.46
2006-09-01,0.607,-1.43,-0.94
2007-09-01,0.179,0.85,-0.36
2008-09-01,-0.327,1.14,-1.55
2009-09-01,0.875,1.62,0.52
2010-09-01,-0.865,-0.62,-1.61
2011-09-01,0.665,0.67,-1.79
2012-09-01,0.772,-0.43,-2.21
2013-09-01,-0.461,0.38,-0.48
2014-09-01,0.102,1.72,1.08
2015-09-01,-0.165,-0.49,1.94
2016-09-01,0.781,0.74,0.45
2017-09-01,-0.492,-0.45,0.32
2018-09-01,0.585,1.78,0.09
2019-09-01,0.306,-0.01,0.41
2020-09-01,0.631,1.11,-0.70
2021-09-01,-0.252,-0.06,-1.53
2022-09-01,-0.655,-1.42,-9.90
2023-09-01,0.318,-0.28,
2024-09-01,-0.624,-1.25,
2025-09-01,-999.0,-99.9,
1950-10-01,-0.379,1.43,-1.36
1951-10-01,-0.213,2.54,-0.32
1952-10-01,-0.437,-0.28,-0.35
1953-10-01,-0.195,1.95,-1.09
1954-10-01,0.513,1.16,0.52
1955-10-01,0.099,-1.09,-2.8
1956-10-01,1.139,1.47,-2.3
1957-10-01,0.903,1.95,1.5
1958-10-01,0.77,0.68,0.01
1959-10-01,-0.249,1.48,0.52
1960-10-01,-1.187,-1.37,0.09
1961-10-01,0.203,1.07,-2.28
1962-10-01,-0.016,0.96,-1.55
1963-10-01,1.069,1.53,-0.52
1964-10-01,0.342,1.32,-0.37
1965-10-01,0.394,0.92,-0.36
1966-10-01,-1.077,-0.23,-1.17
1967-10-01,1.299,0.59,-0.64
1968-10-01,-1.013,-1.99,-0.34
1969-10-01,0.098,1.23,1.12
1970-10-01,0.098,-0.49,-1.39
1971-10-01,1.185,1.14,-0.22
1972-10-01,0.392,1.7,0.11
1973-10-01,0.337,-0.84,-0.87
1974-10-01,-1.024,1.04,-0.1
1975-10-01,0.138,-0.08,-1.29
1976-10-01,-0.804,0.42,1.11
1977-10-01,-0.009,1.08,-0.61
1978-10-01,0.895,2.61,0.1
1979-10-01,-1.243,0.18,1.06
1980-10-01,-0.521,-1.41,1.35
1981-10-01,-1.167,-0.96,0.18
1982-10-01,-0.211,-0.29,0.37
1983-10-01,1.369,1.22,0.96
1984-10-01,-0.27,0.43,0.58
1985-10-01,1.035,1.49,0.29
1986-10-01,1.425,2.2,1.0
1987-10-01,-0.08,0.66,1.36
1988-10-01,0.032,-0.66,-0.1
1989-10-01,0.991,0.48,-0.12
1990-10-01,0.66,0.76,-0.69
1991-10-01,-0.252,0.3,0.49
1992-10-01,-0.366,-1.4,0.93
1993-10-01,-0.565,-0.26,1.41
1994-10-01,0.174,-0.54,-1.32
1995-10-01,0.075,0.72,0.47
1996-10-01,0.182,0.15,-0.33
1997-10-01,-0.7,-1.34,1.61
1998-10-01,0.294,0.2,-1.39
1999-10-01,-0.006,0.73,-2.23
2000-10-01,0.317,1.51,-1.3
2001-10-01,0.708,0.25,-1.37
2002-10-01,-1.488,-1.97,0.42
2003-10-01,-0.67,-0.86,0.83
2004-10-01,-0.515,-0.69,-0.11
2005-10-01,0.03,-0.55,-1.32
2006-10-01,-1.029,-1.92,-0.05
2007-10-01,0.384,1.0,-1.45
2008-10-01,1.676,0.47,-1.76
2009-10-01,-1.54,-0.61,0.27
2010-10-01,-0.467,-0.5,-1.06
2011-10-01,0.8,0.94,-1.34
2012-10-01,-1.514,-1.73,-0.79
2013-10-01,0.263,-0.88,-0.87
2014-10-01,-1.134,-0.87,1.49
2015-10-01,-0.25,0.99,1.47
2016-10-01,-1.917,0.96,0.56
2017-10-01,0.69,0.71,0.05
2018-10-01,0.413,1.53,0.26
2019-10-01,-0.082,-1.03,-0.45
2020-10-01,-0.072,-0.2,-0.69
2021-10-01,-0.146,-1.98,-2.55
2022-10-01,1.346,-0.27,-9.9
2023-10-01,-0.414,-1.7,
2024-10-01,0.525,0.1,
2025-10-01,-999.0,-99.9,
1950-11-01,-0.515,-1.46,-2.46
1951-11-01,-0.069,-0.54,-0.28
1952-11-01,-1.891,-1.32,-0.76
1953-11-01,0.354,0.96,-0.03
1954-11-01,-0.328,0.29,0.72
1955-11-01,-1.342,-1.49,-3.08
1956-11-01,-0.066,0.4,-2.11
1957-11-01,-1.38,0.63,-0.32
1958-11-01,-0.011,1.59,-0.18
1959-11-01,-1.411,0.3,1.11
1960-11-01,-0.553,-0.67,-0.23
1961-11-01,-0.01,-0.79,-1.85
1962-11-01,-1.112,-0.38,-0.37
1963-11-01,-0.419,-1.47,-2.08
1964-11-01,-0.344,-0.14,-0.8
1965-11-01,-1.341,-1.88,-0.59
1966-11-01,0.111,-0.18,-1.15
1967-11-01,0.334,0.5,-0.05
1968-11-01,-2.183,-1.11,-0.44
1969-11-01,0.326,-1.14,0.15
1970-11-01,0.378,-0.76,-0.8
1971-11-01,0.419,-0.34,-1.25
1972-11-01,-0.38,0.43,0.57
1973-11-01,0.002,-1.11,-1.81
1974-11-01,-0.435,-0.7,0.43
1975-11-01,0.619,0.3,-2.08
1976-11-01,-0.087,0.04,1.25
1977-11-01,0.605,-0.21,-0.72
1978-11-01,2.47,3.06,-0.07
1979-11-01,0.475,0.42,0.48
1980-11-01,-1.361,-0.52,0.37
1981-11-01,-0.188,-0.53,0.8
1982-11-01,0.661,1.55,-0.25
1983-11-01,-0.688,-1.16,1.02
1984-11-01,-0.966,-0.2,0.71
1985-11-01,-1.218,-0.84,-0.75
1986-11-01,0.926,2.27,1.77
1987-11-01,-0.536,0.06,1.47
1988-11-01,-0.035,-0.49,-0.02
1989-11-01,0.034,0.03,-0.5
1990-11-01,0.521,-0.39,-1.69
1991-11-01,0.285,0.37,0.42
1992-11-01,0.717,1.12,0.93
1993-11-01,1.002,2.56,1.24
1994-11-01,1.779,0.54,-1.96
1995-11-01,-0.723,-1.59,-0.28
1996-11-01,0.136,-0.72,0.09
1997-11-01,-0.661,-1.08,1.12
1998-11-01,-1.449,-0.43,-0.52
1999-11-01,0.611,0.55,-2.05
2000-11-01,-1.582,-1.1,-0.53
2001-11-01,0.819,0.53,-1.26
2002-11-01,-1.425,-0.32,1.51
2003-11-01,0.642,0.77,0.52
2004-11-01,0.678,0.63,-0.63
2005-11-01,0.228,-0.46,-1.5
2006-11-01,0.521,0.33,-0.22
2007-11-01,-0.519,0.48,-1.08
2008-11-01,0.092,-0.47,-1.25
2009-11-01,0.459,-0.16,-0.4
2010-11-01,-0.376,-1.84,-0.82
2011-11-01,1.459,1.3,-2.33
2012-11-01,-0.111,-0.74,-0.59
2013-11-01,2.029,0.81,-0.11
2014-11-01,-0.53,0.58,1.72
2015-11-01,1.945,1.7,0.86
2016-11-01,-0.611,-0.31,1.88
2017-11-01,-0.078,-0.14,0.15
2018-11-01,-1.116,-0.25,-0.05
2019-11-01,-1.193,0.16,0.15
2020-11-01,2.086,2.54,-1.12
2021-11-01,0.093,-0.33,-2.52
2022-11-01,0.339,0.59,-9.9
2023-11-01,-0.036,-0.47,
2024-11-01,-0.037,-0.38,
2025-11-01,-999.0,-99.9,
1950-12-01,-1.928,-1.03,-0.76
1951-12-01,1.987,1.13,-1.68
1952-12-01,-1.827,-0.49,0.04
1953-12-01,0.576,-0.52,0.07
1954-12-01,0.553,0.55,-0.5
1955-12-01,-0.444,0.07,-2.75
1956-12-01,0.001,0.0,-1.28
1957-12-01,0.828,0.02,-0.55
1958-12-01,-1.687,-0.74,0.86
1959-12-01,-0.042,0.32,0.06
1960-12-01,-0.343,-0.03,0.17
1961-12-01,-1.668,-1.46,-2.69
1962-12-01,-0.711,-1.31,-0.96
1963-12-01,-1.178,-1.87,-1.08
1964-12-01,-0.246,-0.23,-1.52
1965-12-01,0.163,1.18,0.06
1966-12-01,-1.401,0.58,-0.32
1967-12-01,-0.347,-0.51,-0.4
1968-12-01,-0.783,-1.39,-1.27
1969-12-01,-1.856,-0.35,1.38
1970-12-01,-0.399,-1.2,-0.97
1971-12-01,0.824,0.47,-1.87
1972-12-01,1.238,0.09,-0.33
1973-12-01,-0.181,0.21,-0.76
1974-12-01,0.556,1.3,-0.12
1975-12-01,1.29,-0.09,-1.61
1976-12-01,-2.074,-1.57,1.22
1977-12-01,-0.24,-1.02,-0.69
1978-12-01,-0.98,-1.54,-0.43
1979-12-01,1.295,0.84,-0.42
1980-12-01,-0.057,0.63,-0.1
1981-12-01,-1.216,-0.11,0.67
1982-12-01,0.967,1.56,0.26
1983-12-01,0.186,0.18,1.69
1984-12-01,0.446,-0.09,0.82
1985-12-01,-1.948,0.11,0.38
1986-12-01,0.06,0.83,1.77
1987-12-01,-0.534,0.21,1.27
1988-12-01,1.679,0.48,-0.43
1989-12-01,-0.644,-1.15,-0.21
1990-12-01,1.277,0.11,-2.23
1991-12-01,1.613,0.34,0.09
1992-12-01,1.627,0.35,0.53
1993-12-01,-0.104,1.36,1.07
1994-12-01,0.894,1.78,-1.79
1995-12-01,-2.127,-1.64,0.16
1996-12-01,-1.721,-1.4,-0.03
1997-12-01,-0.071,-0.98,0.67
1998-12-01,1.353,0.72,-0.44
1999-12-01,1.043,1.4,-1.63
2000-12-01,-2.354,-0.63,0.52
2001-12-01,-1.322,-0.86,-0.93
2002-12-01,-1.592,-0.96,2.1
2003-12-01,0.265,0.5,0.33
2004-12-01,1.23,1.03,-0.17
2005-12-01,-2.104,-0.5,0.2
2006-12-01,2.282,1.15,0.14
2007-12-01,0.821,0.23,-0.58
2008-12-01,0.648,-0.35,-0.87
2009-12-01,-3.413,-1.88,0.08
2010-12-01,-2.631,-1.8,-1.21
2011-12-01,2.221,2.25,-1.79
2012-12-01,-1.749,0.07,-0.48
2013-12-01,1.475,0.79,-0.41
2014-12-01,0.413,1.63,2.51
2015-12-01,1.444,1.99,1.01
2016-12-01,1.786,0.35,1.17
2017-12-01,-0.059,0.73,0.5
2018-12-01,0.11,0.48,0.52
2019-12-01,0.412,1.02,0.97
2020-12-01,-1.736,-0.37,-0.9
2021-12-01,0.198,0.18,-2.0
2022-12-01,-2.719,-0.22,-9.9
2023-12-01,-0.222,1.7,
2024-12-01,-0.336,1.03,
2025-12-01,-999.0,-99.9,
